{"codecarbon_energy_kwh":0.000927637640029224,"_runtime":21,"_timestamp":1.7588870530232668e+09,"codecarbon_emissions_kg":0.00016145533124708645,"accuracy":0.5379,"_wandb":{"runtime":21},"mqtt_published_bytes":56367472,"elapsed_seconds":15.587356328964233,"mqtt_received_bytes":42299916,"_step":1}