{"_runtime":20,"elapsed_seconds":14.831965923309326,"mqtt_received_bytes":42299916,"mqtt_published_bytes":56367472,"accuracy":0.6698,"_wandb":{"runtime":20},"codecarbon_emissions_kg":0.00015586581041874815,"codecarbon_energy_kwh":0.0008955231853992999,"_timestamp":1.7588828566020632e+09,"_step":1}