{"codecarbon_energy_kwh":0.0010497821758838188,"mqtt_published_bytes":56367472,"elapsed_seconds":15.136361360549927,"mqtt_received_bytes":42299916,"_timestamp":1.7588854339005058e+09,"_wandb":{"runtime":20},"_runtime":20,"accuracy":0.6698,"_step":1,"codecarbon_emissions_kg":0.00018271458771257866}