{"_runtime":23,"elapsed_seconds":23.155999422073364,"mqtt_published_bytes":126332328,"mqtt_received_bytes":94749106,"_timestamp":1.7588772595989294e+09,"_step":0,"accuracy":0.6698,"_wandb":{"runtime":23}}