{"_timestamp":1.7588826052197335e+09,"_wandb":{"runtime":20},"_runtime":20,"_step":0,"accuracy":0.6698,"elapsed_seconds":15.355855941772461,"mqtt_published_bytes":56367472,"mqtt_received_bytes":42299916}