{"codecarbon_energy_kwh":0.005000407735892088,"_step":1,"_wandb":{"runtime":81},"_runtime":81,"mqtt_received_bytes":1409997290,"_timestamp":1.758889531269329e+09,"elapsed_seconds":76.4215259552002,"mqtt_published_bytes":1409997290,"accuracy":0.5388,"codecarbon_emissions_kg":0.0008703209664320179}