{"_timestamp":1.7588868035120406e+09,"mqtt_received_bytes":42299916,"elapsed_seconds":14.89702033996582,"_wandb":{"runtime":20},"mqtt_published_bytes":56367472,"_step":1,"codecarbon_emissions_kg":0.00015708243119443466,"accuracy":0.6692,"codecarbon_energy_kwh":0.0009025132501834798,"_runtime":20}