{"elapsed_seconds":70.70575881004333,"mqtt_published_bytes":157293606,"codecarbon_energy_kwh":0.004359983507810799,"_timestamp":1.7588880549709618e+09,"_wandb":{"runtime":76},"codecarbon_emissions_kg":0.0007588551295344696,"mqtt_received_bytes":143226050,"_runtime":76,"_step":1,"accuracy":0.5384}