{"mqtt_published_bytes":1409997290,"_wandb":{"runtime":80},"elapsed_seconds":75.27451729774475,"mqtt_received_bytes":1409997290,"_timestamp":1.7588893117622952e+09,"codecarbon_energy_kwh":0.005085811206009919,"accuracy":0.5388,"_runtime":80,"codecarbon_emissions_kg":0.0008851854404060265,"_step":1}