{"mqtt_received_bytes":42299916,"_timestamp":1.7588820874105315e+09,"_wandb":{"runtime":20},"_runtime":20,"_step":0,"accuracy":0.6696,"elapsed_seconds":15.152793645858765,"mqtt_published_bytes":56367472}