{"mqtt_published_bytes":56367472,"_timestamp":1.758884125424307e+09,"elapsed_seconds":15.722232818603516,"accuracy":0.6692,"_wandb":{"runtime":21},"mqtt_received_bytes":42299916,"_step":1,"_runtime":21,"codecarbon_emissions_kg":0.0001678633354044242,"codecarbon_energy_kwh":0.0009644546705224027}