{"elapsed_seconds":15.433047533035278,"mqtt_published_bytes":56367472,"_wandb":{"runtime":20},"_runtime":20,"mqtt_received_bytes":42299916,"_timestamp":1.7588826991111915e+09,"_step":0,"accuracy":0.6702}