{"_timestamp":1.758877071381142e+09,"accuracy_min":0.6698,"elapsed_seconds":25.47691035270691,"mqtt_received_bytes":94748814,"_runtime":26,"mqtt_published_bytes":126332680,"_step":0,"accuracy_mean":0.6698,"_wandb":{"runtime":26},"accuracy_max":0.6698}