{"_step":1,"mqtt_published_bytes":56367472,"mqtt_received_bytes":42299916,"codecarbon_emissions_kg":0.00018505029240089175,"codecarbon_energy_kwh":0.001063201909801159,"_timestamp":1.7588853623996053e+09,"_wandb":{"runtime":20},"_runtime":20,"accuracy":0.67,"elapsed_seconds":15.28663945198059}