{"_wandb":{"runtime":24},"_runtime":24,"codecarbon_energy_kwh":0.000881207698462105,"accuracy":0,"mqtt_published_bytes":143226050,"_timestamp":1.7588878164132e+09,"mqtt_received_bytes":143226050,"_step":1,"elapsed_seconds":18.4383327960968,"codecarbon_emissions_kg":0.00015337419991732937}