{"accuracy":0.6694,"elapsed_seconds":15.514667510986328,"mqtt_published_bytes":56367472,"mqtt_received_bytes":42299916,"_timestamp":1.7588777017741327e+09,"_step":0,"_wandb":{"runtime":15},"_runtime":15}