{"codecarbon_energy_kwh":0.008082703055398141,"_runtime":131,"_step":1,"elapsed_seconds":126.4167537689209,"mqtt_published_bytes":56367472,"accuracy":0.58418,"codecarbon_emissions_kg":0.0014067944667920465,"_wandb":{"runtime":131},"mqtt_received_bytes":42299916,"_timestamp":1.7588856054746733e+09}